1142472376;Gabriela Teste;;05/04/1925 00:00:00;0;teste@gmail.com;gabiteste;123456
1097234589;Gabriela Teste;;05/04/1925 00:00:00;0;teste@gmail.com;gabiteste;12345
<<<<<<< HEAD
1360633149;FlÃ¡via;;22/07/1997 00:00:00;0;FLAVIA_GUDY@HOTMAIL.COM;flavia.gudy;123456
=======
<<<<<<< HEAD
142326477;Gabriela Teste4;;01/01/1922 00:00:00;0;teste4@gmail.co;gabiteste4;123456
=======
2015676571;Rafael Santos Porto;;29/07/2003 00:00:00;0;r4f4el_porto@hotmail.com;porto;1234
>>>>>>> 0b32250df85e92e4ec91abcb917048205c70df1a
>>>>>>> developer
